2020-02-11,titre,description,basse
2020-02-21,Hello,"Lorem Ipsum",moyenne
2020-02-20,title,description,basse
2020-02-20,title,description,basse
2020-02-20,title,description,basse
2020-02-20,title,description,basse
2020-02-20,title,description,basse
2020-02-20,title,description,basse
2020-02-20,title,description,basse
2020-02-20,title,description,basse
2020-02-20,title,description,basse
2020-02-20,title,description,basse
2020-02-20,title,description,basse
2020-02-20,title,description,basse
2020-02-20,title,description,basse
2020-02-20,title,description,basse
2020-02-20,title,description,basse
2020-02-20,title,description,basse
2020-02-20,title,description,basse
2020-02-20,title,description,basse
2020-02-20,title,description,basse
2020-02-20,title,description,basse
2020-02-20,title,description,basse
2020-02-20,title,description,basse
2020-02-20,title,description,basse
2020-02-20,title,description,basse
2020-02-20,title,description,basse
2020-02-20,title,description,basse
2020-02-20,title,description,basse
2020-02-20,title,description,basse
2020-02-20,title,description,basse
2020-02-20,title,description,basse
2020-02-20,title,description,basse
2020-02-20,title,description,basse
2020-02-20,title,description,basse
2020-02-20,title,description,basse
2020-02-20,title,description,basse
2020-02-20,title,description,basse
2020-02-20,title,description,basse
2020-02-20,title,description,basse
2020-02-20,title,description,basse
2020-02-20,title,description,basse
2020-02-20,title,description,basse
2020-02-20,title,description,basse
2020-02-20,title,description,basse
2020-02-20,title,description,basse
2020-02-20,title,description,basse
2020-02-21,title,description,basse
2020-02-21,title,description,basse
2020-02-28,"Concours de pull moche","42&amp;egrave;me &amp;eacute;dition du concours de pull moche. sortir la laine et engager des chinois pour tricoter. 
 
Attention : tonton Leo est tr&amp;egrave;s mauvais perdant.  
PS : Pr&amp;eacute;voir poison contre les autres candidats.",haute
2020-02-28,"Concours de pull moche","42&amp;egrave;me &amp;eacute;dition du concours de pull moche. sortir la laine et engager des chinois pour tricoter. 
 
Attention : tonton Leo est tr&amp;egrave;s mauvais perdant.  
PS : Pr&amp;eacute;voir poison contre les autres candidats.",haute
2020-02-28,"Concours de pull moche","42&amp;egrave;me &amp;eacute;dition du concours de pull moche. sortir la laine et engager des chinois pour tricoter. 
 
Attention : tonton Leo est tr&amp;egrave;s mauvais perdant.  
PS : Pr&amp;eacute;voir poison contre les autres candidats.",haute
2020-06-19,"yolo le haricot","festival du haricot g&amp;eacute;ant",moyenne
2020-02-22,Salut,"YOLOOOOOOOOO C'est COOOl 
 PS : arr&amp;ecirc;ter de boire",moyenne
2020-02-29,priere,"lorem ipsum la grande Messe du samedi matin. 

ps : demander du fric au Dieu 42",moyenne
2020-03-01,Salut,"C'est encore cool. Si si.",haute
2020-02-15,Pfff,gnagnangna,basse
2020-02-05,vcvxckjv,"xcw vxck$ pdn pidv",basse
2020-06-06,"yolo le haricot","festival du haricot",basse
2020-01-29,gbhgfhtgf,vxcvxc,moyenne
2020-02-14,gbdfgdfgdf,dfgdfgdfgdfg,moyenne
2020-02-13,qzdqesrfesd,dgdsgfsg,basse
2020-02-20,dqsdsqdqsd,qsdqsdqsdfqs,haute
2020-02-13,dvfdfd,fqsfdqsfdesfsdfdsfds,basse
2020-03-02,title,description,basse
2020-03-12,ghg,hfhd,moyenne
